Max Richards,max.richards@example.com
Christian Jimenez,christian.jimenez@example.com
Clayton Nichols,clayton.nichols@example.com
Robert Bell,robert.bell@example.com
Harold Burton,harold.burton@example.com
Same Schmidt,same.schmidt@example.com
Bryan Medina,bryan.medina@example.com
Jessie Little,jessie.little@example.com
Alexis Fields,alexis.fields@example.com
Tanya Williams,tanya.williams@example.com
Charlie Rivera,charlie.rivera@example.com
Bessie Brewer,bessie.brewer@example.com
Ernest Hopkins,ernest.hopkins@example.com
Shawn Welch,shawn.welch@example.com
Wanda Black,wanda.black@example.com
Ruben Sanders,ruben.sanders@example.com
June Taylor,june.taylor@example.com
Lori Webb,lori.webb@example.com
Lena Henderson,lena.henderson@example.com
Arthur Hunt,arthur.hunt@example.com
Bernard Bailey,bernard.bailey@example.com
Kenneth Morris,kenneth.morris@example.com
Philip Ramos,philip.ramos@example.com
Clyde Russell,clyde.russell@example.com
Sharlene Alvarez,sharlene.alvarez@example.com
Ann Schmidt,ann.schmidt@example.com
Chad Cook,chad.cook@example.com
Wanda Chambers,wanda.chambers@example.com
Yvonne Mccoy,yvonne.mccoy@example.com
Isobel Bates,isobel.bates@example.com
Kent Rivera,kent.rivera@example.com
Earl Gibson,earl.gibson@example.com
Karl Soto,karl.soto@example.com
Hannah Byrd,hannah.byrd@example.com
Randall Gomez,randall.gomez@example.com
Marilyn Williams,marilyn.williams@example.com
Roland Martin,roland.martin@example.com
Reginald Jensen,reginald.jensen@example.com
Roland Gibson,roland.gibson@example.com
Ian Sims,ian.sims@example.com
Marilyn Richardson,marilyn.richardson@example.com
Erin Powell,erin.powell@example.com
Priscilla Frazier,priscilla.frazier@example.com
Mary Soto,mary.soto@example.com
Brayden Holland,brayden.holland@example.com
Peggy Ellis,peggy.ellis@example.com
Jim Gonzales,jim.gonzales@example.com
Carrie Herrera,carrie.herrera@example.com
Abigail Patterson,abigail.patterson@example.com
Aubrey Johnson,aubrey.johnson@example.com
Erika Young,erika.young@example.com
Tyrone Dean,tyrone.dean@example.com
Candice Day,candice.day@example.com
Paula Matthews,paula.matthews@example.com
Terry King,terry.king@example.com
Louis Holt,louis.holt@example.com
Heather Nichols,heather.nichols@example.com
Marvin Steward,marvin.steward@example.com
Sean Shelton,sean.shelton@example.com
Cameron Barnes,cameron.barnes@example.com
Josephine Hall,josephine.hall@example.com
Manuel Scott,manuel.scott@example.com
Stacey Medina,stacey.medina@example.com
Margie Matthews,margie.matthews@example.com
Rachel Reynolds,rachel.reynolds@example.com
Ruben Mendoza,ruben.mendoza@example.com
Darren Ford,darren.ford@example.com
Vera Graves,vera.graves@example.com
Norman Evans,norman.evans@example.com
Irma Chavez,irma.chavez@example.com
Marcia Freeman,marcia.freeman@example.com
Carter Lambert,carter.lambert@example.com
Aubree Stone,aubree.stone@example.com
Vickie Johnson,vickie.johnson@example.com
Kristina Dunn,kristina.dunn@example.com
Anita Franklin,anita.franklin@example.com
Sonia Chavez,sonia.chavez@example.com
Joan Stevens,joan.stevens@example.com
Jerome Dunn,jerome.dunn@example.com
Jeff Myers,jeff.myers@example.com
Hilda Reynolds,hilda.reynolds@example.com
Kristen Brooks,kristen.brooks@example.com
Theodore Rose,theodore.rose@example.com
Martha Bryant,martha.bryant@example.com
Wayne Graham,wayne.graham@example.com
Amy Gordon,amy.gordon@example.com
Same Howell,same.howell@example.com
Gerald Powell,gerald.powell@example.com
Johnny Prescott,johnny.prescott@example.com
Stephanie Jacobs,stephanie.jacobs@example.com
Kent Caldwell,kent.caldwell@example.com
Lester Martin,lester.martin@example.com
Rita Davidson,rita.davidson@example.com
Danny Kennedy,danny.kennedy@example.com
Anita Perez,anita.perez@example.com
Ellen Morris,ellen.morris@example.com
Mario Turner,mario.turner@example.com
Salvador Hunter,salvador.hunter@example.com
Bessie Hanson,bessie.hanson@example.com
Darryl Elliott,darryl.elliott@example.com
Kristin Baker,kristin.baker@example.com
Eric Reyes,eric.reyes@example.com
Isobel Steeves ,isobel.steeves@example.com
Dora Jennings,dora.jennings@example.com
Calvin Nelson,calvin.nelson@example.com
Rafael Gutierrez,rafael.gutierrez@example.com
Marilyn Williams,marilyn.williams@example.com
Mae Barnett,mae.barnett@example.com
Raul Diaz,raul.diaz@example.com
Oscar Newman,oscar.newman@example.com
Tristan Scott,tristan.scott@example.com
Ricardo Reyes,ricardo.reyes@example.com
Stephanie Moreno,stephanie.moreno@example.com
Felecia Byrd,felecia.byrd@example.com
Marilyn Barrett,marilyn.barrett@example.com
Irene Mitchelle,irene.mitchelle@example.com
Ivan Boyd,ivan.boyd@example.com
Daisy Long,daisy.long@example.com
Ethan Campbell,ethan.campbell@example.com
Ralph Stewart,ralph.stewart@example.com
Nicholas Richards,nicholas.richards@example.com
Harry Jennings,harry.jennings@example.com
Carla Fields,carla.fields@example.com
Kyle Hernandez,kyle.hernandez@example.com
Scarlett Hill,scarlett.hill@example.com
Craig Freeman,craig.freeman@example.com
June Gutierrez,june.gutierrez@example.com
Shane Rodriquez,shane.rodriquez@example.com
Janice Neal,janice.neal@example.com
Judd Herrera,judd.herrera@example.com
Glenda Pearson,glenda.pearson@example.com
Cory Willis,cory.willis@example.com
Loretta Rice,loretta.rice@example.com
Meghan Cooper,meghan.cooper@example.com
Julio Jordan,julio.jordan@example.com
Beverly Perry,beverly.perry@example.com
Rene Howard,rene.howard@example.com
Ann Wilson,ann.wilson@example.com
Vivan Ramirez,vivan.ramirez@example.com
Laurie White,laurie.white@example.com
Anita Prescott,anita.prescott@example.com
Neil Green,neil.green@example.com
Suzanne West,suzanne.west@example.com
Ramon Little,ramon.little@example.com
Wayne Richardson,wayne.richardson@example.com
Arthur Armstrong,arthur.armstrong@example.com
Elsie Ferguson,elsie.ferguson@example.com
Eduardo Hall,eduardo.hall@example.com
Sophie Wright,sophie.wright@example.com
Joy Matthews,joy.matthews@example.com
Natalie Graham,natalie.graham@example.com
Leroy Reyes,leroy.reyes@example.com
Ann Turner,ann.turner@example.com
Joann Warren,joann.warren@example.com
Alexa Young,alexa.young@example.com
Jerry Vargas,jerry.vargas@example.com
Samuel George,samuel.george@example.com
Bonnie Steeves ,bonnie.steeves@example.com
Annie Moreno,annie.moreno@example.com
Charlotte Bennett,charlotte.bennett@example.com
Miguel Black,miguel.black@example.com
Gabriella Garza,gabriella.garza@example.com
Gertrude Myers,gertrude.myers@example.com
Harper Howard,harper.howard@example.com
Bobbie Austin,bobbie.austin@example.com
Eleanor Hansen,eleanor.hansen@example.com
Claude Pena,claude.pena@example.com
Rosa Arnold,rosa.arnold@example.com
Jorge Neal,jorge.neal@example.com
Flenn Pearson,flenn.pearson@example.com
Kenneth Burke,kenneth.burke@example.com
Clara Allen,clara.allen@example.com
Erika Willis,erika.willis@example.com
Alfred Wells,alfred.wells@example.com
Oscar Chambers,oscar.chambers@example.com
Albert Welch,albert.welch@example.com
Aubrey Perez,aubrey.perez@example.com
Marcia Snyder,marcia.snyder@example.com
Corey James,corey.james@example.com
June Hughes,june.hughes@example.com
Beverly Hudson,beverly.hudson@example.com
Martha Steward,martha.steward@example.com
Ricardo Reynolds,ricardo.reynolds@example.com
Miriam Cooper,miriam.cooper@example.com
Henry Powell,henry.powell@example.com
Edna Foster,edna.foster@example.com
Theodore Harrison,theodore.harrison@example.com
Josephine Bowman,josephine.bowman@example.com
Jonathan Garrett,jonathan.garrett@example.com
Joyce Edwards,joyce.edwards@example.com
Bruce Patterson,bruce.patterson@example.com
Amanda Brewer,amanda.brewer@example.com
Jorge Dunn,jorge.dunn@example.com
Kim Reed,kim.reed@example.com
Duane Ellis,duane.ellis@example.com
Richard Austin,richard.austin@example.com
Darryl Carlson,darryl.carlson@example.com
Catherine Snyder,catherine.snyder@example.com
Vivan Reid,vivan.reid@example.com
Marjorie Davidson,marjorie.davidson@example.com
Derek Patterson,derek.patterson@example.com
Lydia Wells,lydia.wells@example.com
Avery Harris,avery.harris@example.com
Vivan Walters,vivan.walters@example.com
Andrew Reed,andrew.reed@example.com
Holly Kelley,holly.kelley@example.com
Ian Gregory,ian.gregory@example.com
Jimmie Little,jimmie.little@example.com
Neil Curtis,neil.curtis@example.com
Russell Pena,russell.pena@example.com
Willard May,willard.may@example.com
Jenny Pierce,jenny.pierce@example.com
Sergio Bennett,sergio.bennett@example.com
Alan Fleming,alan.fleming@example.com
Carl Henderson,carl.henderson@example.com
Troy Palmer,troy.palmer@example.com
Guy Jennings,guy.jennings@example.com
Dennis Alvarez,dennis.alvarez@example.com
Dawn Martin,dawn.martin@example.com
Norman Kelley,norman.kelley@example.com
